{"count":1,"gauges":{},"self":16.2718416,"total":16.2993727,"children":{"AgentResetIfDone":{"count":805,"self":0.012719699999999999,"total":0.012719699999999999,"children":null},"AgentSendState":{"count":805,"self":0.0039521,"total":0.0039521,"children":null},"DecideAction":{"count":805,"self":0.0059117,"total":0.0059117,"children":null},"AgentAct":{"count":805,"self":0.0039479,"total":0.0039479,"children":null}}}