{"cameraMode":{"drawMode":0,"name":"Shaded","section":"Shading Mode"},"sceneLighting":false,"audioPlay":false,"sceneViewState":{"showFog":true,"showMaterialUpdate":true,"showSkybox":false,"showFlares":true,"showImageEffects":true,"showParticleSystems":true},"in2DMode":false,"pivot":{"x":-2.9200000762939455,"y":0.5,"z":2.0799996852874758},"rotation":{"x":0.14626668393611909,"y":-0.7512935996055603,"z":0.17765438556671143,"w":0.6185535788536072},"size":4.286836624145508,"orthographic":false}