{"cameraMode":{"drawMode":0,"name":"Shaded","section":"Shading Mode"},"sceneLighting":true,"audioPlay":false,"sceneViewState":{"showFog":true,"showMaterialUpdate":true,"showSkybox":true,"showFlares":true,"showImageEffects":true,"showParticleSystems":true},"in2DMode":false,"pivot":{"x":-2.9200000762939455,"y":0.5,"z":-1.1920928955078126e-7},"rotation":{"x":0.1949024796485901,"y":0.17750561237335206,"z":-0.03588976338505745,"w":0.9639590382575989},"size":21.667137145996095,"orthographic":false}