{"cameraMode":{"drawMode":0,"name":"Shaded","section":"Shading Mode"},"sceneLighting":false,"audioPlay":false,"sceneViewState":{"showFog":true,"showMaterialUpdate":false,"showSkybox":false,"showFlares":true,"showImageEffects":true,"showParticleSystems":true},"in2DMode":false,"pivot":{"x":-0.8048219680786133,"y":4.644564628601074,"z":-9.603744506835938},"rotation":{"x":0.39584025740623476,"y":0.4967699348926544,"z":-0.27203208208084109,"w":0.7228612899780273},"size":17.029281616210939,"orthographic":false}