{"cameraMode":{"drawMode":0,"name":"Shaded","section":"Shading Mode"},"sceneLighting":true,"audioPlay":false,"sceneViewState":{"showFog":true,"showMaterialUpdate":false,"showSkybox":true,"showFlares":true,"showImageEffects":true,"showParticleSystems":true},"in2DMode":false,"pivot":{"x":-6.495048522949219,"y":-5.15062141418457,"z":1.8706798553466797},"rotation":{"x":-0.33596962690353396,"y":0.11460505425930023,"z":-0.04122496396303177,"w":-0.9339702129364014},"size":55.746681213378909,"orthographic":false}