{"count":1,"gauges":{},"self":24.5284448,"total":24.787862699999998,"children":{"AgentResetIfDone":{"count":1205,"self":0.020670499999999998,"total":0.020670499999999998,"children":null},"AgentSendState":{"count":1205,"self":0.0038851999999999997,"total":0.0058798,"children":{"CollectObservations":{"count":121,"self":0.0019946,"total":0.0019946,"children":null}}},"DecideAction":{"count":1205,"self":0.21883,"total":0.21883,"children":null},"AcademyStep":{"count":1205,"self":0.0029628,"total":0.0029628,"children":null},"AgentAct":{"count":1205,"self":0.0100766,"total":0.0100766,"children":null}}}