{"count":1,"gauges":{},"self":68.8770432,"total":86.0027779,"children":{"AgentResetIfDone":{"count":3746,"self":0.1766408,"total":0.1766408,"children":null},"AgentSendState":{"count":3746,"self":0.3840249,"total":0.4666788,"children":{"CollectObservations":{"count":3746,"self":0.0826539,"total":0.0826539,"children":null}}},"DecideAction":{"count":3746,"self":15.389351999999999,"total":16.231064099999998,"children":{"RayPerceptionSensor.Perceive":{"count":3746,"self":0.8417115,"total":0.8417115,"children":null}}},"AgentAct":{"count":3746,"self":0.2454055,"total":0.2454055,"children":null}}}