{"cameraMode":{"drawMode":0,"name":"Shaded","section":"Shading Mode"},"sceneLighting":true,"audioPlay":false,"sceneViewState":{"showFog":true,"showMaterialUpdate":true,"showSkybox":true,"showFlares":true,"showImageEffects":true,"showParticleSystems":true},"in2DMode":false,"pivot":{"x":-1.6600399017333985,"y":-1.6806058883666993,"z":16.178491592407228},"rotation":{"x":-0.17426049709320069,"y":0.08466580510139466,"z":-0.015046769753098488,"w":-0.9809609651565552},"size":2623.425048828125,"orthographic":false}