{"count":1,"gauges":{},"self":49.179846399999995,"total":53.4692638,"children":{"AgentResetIfDone":{"count":2303,"self":0.10895529999999999,"total":0.10895529999999999,"children":null},"AgentSendState":{"count":2303,"self":0.0884623,"total":0.1095105,"children":{"CollectObservations":{"count":461,"self":0.0210482,"total":0.0210482,"children":null}}},"DecideAction":{"count":2303,"self":3.8080152,"total":3.9374612,"children":{"RayPerceptionSensor.Perceive":{"count":461,"self":0.12944609999999998,"total":0.12944609999999998,"children":null}}},"AgentAct":{"count":2303,"self":0.1285094,"total":0.1285094,"children":null}}}