{"count":1,"gauges":{},"self":334.3108352,"total":337.156389,"children":{"AgentResetIfDone":{"count":15692,"self":0.801767,"total":0.801767,"children":null},"AgentSendState":{"count":15692,"self":0.579808,"total":0.69272899999999993,"children":{"CollectObservations":{"count":3139,"self":0.112921,"total":0.112921,"children":null}}},"DecideAction":{"count":15692,"self":0.667427,"total":0.667427,"children":null},"AgentAct":{"count":15692,"self":0.682074,"total":0.682074,"children":null}}}